pair,cdt,sub_id,dist,length,pcmi,sig_mi,pcgc,sig_pcgc,pcte,smvgc
RR,Rest,BeFe,-72.199371,4.825874999999996,0.056423897025808856,1.0,0.0077343153070141835,1.0,1.3947822922626203,[0.04229242 0.04228584 0.0422661  ... 0.00234948 0.00234948 0.00234947]
OR,Rest,BeFe,-71.624992,5.40025399999999,0.0021876623479473167,1.0,0.0009396464584865427,0.0,0.16945291073092655,"[7.36522855e-04 7.37231705e-04 7.39356379e-04 ... 9.25487271e-05
 9.25373609e-05 9.25335722e-05]"
OR,Rest,BeFe,-68.016502,9.008743999999993,0.0030684363266235692,1.0,0.0018021423713912021,0.0,0.3249927327727455,"[2.31689916e-04 2.34909087e-04 2.44557328e-04 ... 1.41540600e-05
 1.41516380e-05 1.41508308e-05]"
FR,Rest,BeFe,-65.92417900000001,11.101066999999986,0.00010352501047083962,0.0,0.0004142914340226067,0.0,0.07471202466839898,"[1.50732472e-04 1.50702168e-04 1.50611330e-04 ... 7.81484773e-05
 7.81413344e-05 7.81389535e-05]"
RR,Rest,BeFe,-51.74660899999999,25.278637000000003,0.00046329135445333236,0.0,0.0005162889119707526,0.0,0.09310593162077041,[0.00076791 0.00076763 0.0007668  ... 0.00019034 0.00019034 0.00019034]
OR,Rest,BeFe,-26.060168999999995,50.965077,0.0003272550248052397,0.0,0.000460459048863493,0.0,0.08303774829097628,"[4.71853855e-06 4.74598579e-06 4.82837237e-06 ... 2.23539542e-04
 2.23525710e-04 2.23521099e-04]"
OR,Rest,BeFe,-25.626318,51.398928,0.0028883079404815604,1.0,0.0006166343961111487,0.0,0.11120192316388935,"[2.92413958e-03 2.92383384e-03 2.92291699e-03 ... 9.94836354e-05
 9.94742008e-05 9.94710559e-05]"
OR,Rest,BeFe,31.76347000000001,108.78871600000001,0.0005463816984985215,0.0,0.001205116070386758,0.0,0.21732687230532136,"[8.57230833e-03 8.57008242e-03 8.56341095e-03 ... 5.73831703e-07
 5.58989158e-07 5.54041756e-07]"
RR,Rest,BeFe,-77.025246,4.825874999999996,0.056423897025808856,1.0,0.003700723749622936,1.0,0.6673769751601275,[0.02446911 0.02446351 0.02444672 ... 0.00135953 0.00135951 0.0013595 ]
OR,Rest,BeFe,-71.624992,0.5743789999999933,0.015017510146742907,1.0,0.0026874317541798476,1.0,0.48464305806034924,[0.01375872 0.01375749 0.0137538  ... 0.00155568 0.00155569 0.00155569]
OR,Rest,BeFe,-68.016502,4.182868999999997,0.011924430478597259,1.0,0.0018644836545826937,0.0,0.3362351652856229,[0.00855936 0.00855982 0.00856119 ... 0.00027874 0.00027874 0.00027875]
FR,Rest,BeFe,-65.92417900000001,6.27519199999999,0.0012079582510073905,1.0,0.001292398479718626,0.0,0.23306710969281216,[0.00222374 0.00222324 0.00222175 ... 0.00021487 0.00021481 0.0002148 ]
RR,Rest,BeFe,-51.74660899999999,20.452762000000007,0.00016006792587486274,0.0,0.00039389549802471,0.0,0.0710338852035922,"[1.15905796e-03 1.15889095e-03 1.15839023e-03 ... 3.20692597e-05
 3.20673271e-05 3.20666829e-05]"
OR,Rest,BeFe,-26.060168999999995,46.139202000000004,1.13270485879724e-06,0.0,0.0007851856670064716,0.0,0.1415979334959162,[0.00102228 0.00102225 0.00102215 ... 0.00135693 0.00135693 0.00135693]
OR,Rest,BeFe,-25.626318,46.573053,5.236305266720365e-06,0.0,0.0005306991803308847,0.0,0.09570463445840063,[0.00104287 0.00104322 0.00104425 ... 0.00033808 0.00033808 0.00033808]
OR,Rest,BeFe,31.76347000000001,103.96284100000001,0.0007799416282381344,1.0,0.000912722988345438,0.0,0.1645976161239148,"[5.49150868e-03 5.49084049e-03 5.48883764e-03 ... 7.17465733e-05
 7.17478650e-05 7.17482956e-05]"
RO,Rest,BeFe,-77.025246,5.40025399999999,0.0021876623479473167,1.0,0.00045755415783377273,0.0,0.08251388930561375,"[2.94892365e-05 2.96912358e-05 3.02968574e-05 ... 2.95436664e-04
 2.95426664e-04 2.95423331e-04]"
RO,Rest,BeFe,-72.199371,0.5743789999999933,0.015017510146742907,1.0,0.00245916678914182,1.0,0.44347846642671734,[0.000102   0.00010376 0.00010902 ... 0.00014144 0.00014143 0.00014142]
OO,Rest,BeFe,-68.016502,3.6084900000000033,0.048405370760616684,1.0,0.007138264797637683,1.0,1.2872924030130182,[0.02726985 0.02727121 0.02727528 ... 0.00086811 0.00086811 0.00086811]
FO,Rest,BeFe,-65.92417900000001,5.700812999999997,0.002014925761112174,1.0,0.0014488262658713946,0.0,0.26127680861029196,"[2.11865747e-04 2.11790553e-04 2.11565296e-04 ... 6.83834169e-05
 6.83247381e-05 6.83051788e-05]"
RO,Rest,BeFe,-51.74660899999999,19.878383000000014,0.002099331697104745,1.0,0.0014158797739218798,0.0,0.25533534104151034,"[3.85808019e-03 3.85880757e-03 3.86098816e-03 ... 8.97502768e-06
 8.97584188e-06 8.97611330e-06]"
OO,Rest,BeFe,-26.060168999999995,45.56482300000001,0.002997426327456587,1.0,0.0004626124588769098,0.0,0.08342608753439591,[0.00101121 0.00101119 0.00101113 ... 0.00081409 0.00081409 0.00081409]
OO,Rest,BeFe,-25.626318,45.99867400000001,5.1433641344189596e-05,0.0,0.0006405689919377622,0.0,0.11551821350198148,"[9.73001503e-05 9.74448221e-05 9.78786205e-05 ... 5.65353575e-04
 5.65336500e-04 5.65330809e-04]"
OO,Rest,BeFe,31.76347000000001,103.38846200000002,0.00034421532115747056,0.0,0.00058319727716305,0.0,0.10517197745288483,"[3.93464855e-05 3.97637760e-05 4.10144860e-05 ... 8.73191817e-05
 8.73072747e-05 8.73033057e-05]"
RO,Rest,BeFe,-77.025246,9.008743999999993,0.0030684363266235692,1.0,0.001736365667623696,0.0,0.31313076723132005,[0.00011991 0.00012248 0.00013016 ... 0.00018527 0.00018527 0.00018527]
RO,Rest,BeFe,-72.199371,4.182868999999997,0.011924430478597259,1.0,0.0011343248496427094,0.0,0.204560604417082,[0.00680391 0.00680164 0.00679483 ... 0.00035303 0.00035302 0.00035302]
OO,Rest,BeFe,-71.624992,3.6084900000000033,0.048405370760616684,1.0,0.004551085531692589,1.0,0.8207285659043012,[0.02067861 0.0206767  0.02067098 ... 0.00067669 0.00067666 0.00067665]
FO,Rest,BeFe,-65.92417900000001,2.0923229999999933,0.004864397483278715,1.0,0.0013253198676987932,0.0,0.23900405009008324,"[1.13841509e-03 1.13897756e-03 1.14066413e-03 ... 1.69991022e-06
 1.69672380e-06 1.69566167e-06]"
RO,Rest,BeFe,-51.74660899999999,16.26989300000001,0.0009260986041530472,1.0,0.0008011929414948327,0.0,0.14448463543622955,[0.00128937 0.00128959 0.00129025 ... 0.00146918 0.00146919 0.0014692 ]
OO,Rest,BeFe,-26.060168999999995,41.95633300000001,0.0026460747363676873,1.0,0.0002658403831181655,0.0,0.04794082529907493,"[2.14544867e-05 2.16580669e-05 2.22685183e-05 ... 6.58438990e-05
 6.58423224e-05 6.58417968e-05]"
OO,Rest,BeFe,-25.626318,42.390184000000005,0.0007034005961168432,0.0,0.0009025819741583785,0.0,0.1627688172642579,[0.00069904 0.00069909 0.00069927 ... 0.00030195 0.00030193 0.00030192]
OO,Rest,BeFe,31.76347000000001,99.77997200000001,7.071551955561972e-05,0.0,0.0004988212138510306,0.0,0.08995586143913686,[0.00149736 0.00149711 0.00149637 ... 0.00020385 0.00020385 0.00020385]
RF,Rest,BeFe,-77.025246,11.101066999999986,0.00010352501047083962,0.0,0.00020533544811263127,0.0,0.03702955408885077,[0.00066268 0.00066262 0.00066243 ... 0.00034002 0.00034001 0.00034001]
RF,Rest,BeFe,-72.199371,6.27519199999999,0.0012079582510073905,1.0,0.0007281442395825621,0.0,0.13131126043720345,[0.00301479 0.0030145  0.00301362 ... 0.00019141 0.00019142 0.00019142]
OF,Rest,BeFe,-71.624992,5.700812999999997,0.002014925761112174,1.0,0.0006038123890077518,0.0,0.10888964240610015,"[6.47764694e-05 6.52846577e-05 6.68079740e-05 ... 9.70351158e-05
 9.70280740e-05 9.70257268e-05]"
OF,Rest,BeFe,-68.016502,2.0923229999999933,0.004864397483278715,1.0,0.0008178764096307134,0.0,0.14749328002928758,"[5.75616728e-03 5.75485812e-03 5.75093386e-03 ... 4.84284214e-05
 4.84288310e-05 4.84289675e-05]"
RF,Rest,BeFe,-51.74660899999999,14.177570000000017,0.0021412791339354698,1.0,0.0004603186058629305,0.0,0.0830124212384214,[0.00032414 0.00032409 0.00032395 ... 0.00023518 0.00023516 0.00023516]
OF,Rest,BeFe,-26.060168999999995,39.864010000000015,0.004608069978512042,1.0,0.0002960970144942898,0.0,0.05339721180411743,[0.0002136  0.00021363 0.00021373 ... 0.00029052 0.00029051 0.00029051]
OF,Rest,BeFe,-25.626318,40.29786100000001,0.0003315655912174975,0.0,0.0005436805908778375,0.0,0.0980456615358797,"[1.79953690e-06 1.80755893e-06 1.83167309e-06 ... 5.20501658e-05
 5.20257168e-05 5.20175672e-05]"
OF,Rest,BeFe,31.76347000000001,97.68764900000002,0.0001651466503460597,0.0,0.00019689964125202408,0.0,0.03550826699838889,"[2.12595173e-03 2.12533518e-03 2.12348723e-03 ... 6.86692595e-05
 6.86668003e-05 6.86659806e-05]"
RR,Rest,BeFe,-77.025246,25.278637000000003,0.00046329135445333236,0.0,0.0006990193283120671,0.0,0.12605896480516918,"[6.60540366e-07 6.89383045e-07 7.75907940e-07 ... 4.19229850e-05
 4.19200705e-05 4.19190990e-05]"
RR,Rest,BeFe,-72.199371,20.452762000000007,0.00016006792587486274,0.0,0.000643084511741554,0.0,0.11597185449525504,"[2.19488591e-03 2.19395364e-03 2.19115991e-03 ... 3.72973776e-05
 3.72870581e-05 3.72836183e-05]"
OR,Rest,BeFe,-71.624992,19.878383000000014,0.002099331697104745,1.0,0.0011107529041356479,0.0,0.20030971330618916,[0.00095866 0.00095855 0.00095821 ... 0.00193824 0.00193822 0.00193822]
OR,Rest,BeFe,-68.016502,16.26989300000001,0.0009260986041530472,1.0,0.0005143535469447347,0.0,0.09275691393010217,"[3.50867555e-04 3.51153081e-04 3.52008813e-04 ... 6.23939362e-05
 6.23957231e-05 6.23963187e-05]"
FR,Rest,BeFe,-65.92417900000001,14.177570000000017,0.0021412791339354698,1.0,0.0017384818241317213,0.0,0.3135123882938042,[0.00337969 0.00337907 0.00337724 ... 0.00019063 0.00019062 0.00019062]
OR,Rest,BeFe,-26.060168999999995,25.686439999999997,3.5377807908076875e-05,0.0,0.00040385471048454136,0.0,0.07282989850696198,"[8.75698196e-06 8.88121794e-06 9.25373714e-06 ... 6.27960394e-04
 6.27954379e-04 6.27952374e-04]"
OR,Rest,BeFe,-25.626318,26.12029099999999,0.00012766790356888436,0.0,0.00038641560022112387,0.0,0.06968498377014345,"[8.81424692e-04 8.81459783e-04 8.81564952e-04 ... 1.12627067e-05
 1.12596294e-05 1.12586036e-05]"
OR,Rest,BeFe,31.76347000000001,83.510079,0.00039564084127174937,0.0,0.000337574542420338,0.0,0.060877139785022835,[0.00017782 0.00017779 0.0001777  ... 0.00027788 0.00027787 0.00027787]
RO,Rest,BeFe,-77.025246,50.965077,0.0003272550248052397,0.0,0.00036927227490801684,0.0,0.06659340996844773,"[2.67324627e-03 2.67283313e-03 2.67159432e-03 ... 1.78590655e-05
 1.78583578e-05 1.78581219e-05]"
RO,Rest,BeFe,-72.199371,46.139202000000004,1.13270485879724e-06,0.0,0.000705414432305318,0.0,0.1272122379072982,"[3.83121850e-03 3.83049211e-03 3.82831519e-03 ... 2.55234834e-05
 2.55222056e-05 2.55217796e-05]"
OO,Rest,BeFe,-71.624992,45.56482300000001,0.002997426327456587,1.0,0.0007704923815750053,0.0,0.1389481922426234,[0.0003088  0.00030881 0.00030884 ... 0.00126643 0.00126643 0.00126642]
OO,Rest,BeFe,-68.016502,41.95633300000001,0.0026460747363676873,1.0,0.0010742052953458536,0.0,0.1937188315615159,"[9.38873914e-03 9.38676867e-03 9.38086220e-03 ... 9.18266643e-05
 9.18265406e-05 9.18264993e-05]"
FO,Rest,BeFe,-65.92417900000001,39.864010000000015,0.004608069978512042,1.0,0.0014520555562846926,0.0,0.2618591687683989,[0.00453371 0.00453371 0.00453372 ... 0.00057369 0.00057369 0.00057369]
RO,Rest,BeFe,-51.74660899999999,25.686439999999997,3.5377807908076875e-05,0.0,0.0010184241082089596,0.0,0.18365942630435386,"[3.21631750e-03 3.21590624e-03 3.21467316e-03 ... 8.85447245e-05
 8.85259303e-05 8.85196657e-05]"
OO,Rest,BeFe,-25.626318,0.43385099999999355,0.010477834779297979,1.0,0.0009307654157812983,0.0,0.16785133119732915,"[2.55358400e-03 2.55354264e-03 2.55341848e-03 ... 1.30551897e-05
 1.30460264e-05 1.30429721e-05]"
OO,Rest,BeFe,31.76347000000001,57.823639,0.0005956865794516375,0.0,0.0005906940998392507,0.0,0.10652393106505716,"[5.84543949e-03 5.84394648e-03 5.83947161e-03 ... 2.67282366e-05
 2.67280756e-05 2.67280219e-05]"
RO,Rest,BeFe,-77.025246,51.398928,0.0028883079404815604,1.0,0.0011354014929760847,0.0,0.20475476291681532,[0.00813808 0.00813653 0.00813187 ... 0.00053767 0.00053765 0.00053765]
RO,Rest,BeFe,-72.199371,46.573053,5.236305266720365e-06,0.0,0.0005205563452188589,0.0,0.09387550721881636,[0.00520846 0.00520692 0.00520231 ... 0.00018902 0.00018902 0.00018902]
OO,Rest,BeFe,-71.624992,45.99867400000001,5.1433641344189596e-05,0.0,0.000430720219682712,0.0,0.07767474061835669,"[1.56922287e-03 1.56886467e-03 1.56779090e-03 ... 5.15838667e-05
 5.15830185e-05 5.15827358e-05]"
OO,Rest,BeFe,-68.016502,42.390184000000005,0.0007034005961168432,0.0,0.000889611326967632,0.0,0.1604297312168566,"[3.08814880e-03 3.08785895e-03 3.08698993e-03 ... 1.16406837e-05
 1.16267914e-05 1.16221608e-05]"
FO,Rest,BeFe,-65.92417900000001,40.29786100000001,0.0003315655912174975,0.0,0.0005970337421197236,0.0,0.10766720237493818,[0.00010518 0.00010523 0.00010536 ... 0.00029232 0.00029231 0.0002923 ]
RO,Rest,BeFe,-51.74660899999999,26.12029099999999,0.00012766790356888436,0.0,0.00041094085900494903,0.0,0.07410779242313634,"[3.89823117e-03 3.89761926e-03 3.89578463e-03 ... 1.05850489e-06
 1.05763997e-06 1.05735166e-06]"
OO,Rest,BeFe,-26.060168999999995,0.43385099999999355,0.010477834779297979,1.0,0.0026478914032430634,1.0,0.47751247453391077,"[7.46266066e-03 7.46281346e-03 7.46327130e-03 ... 4.29702808e-06
 4.29710753e-06 4.29713406e-06]"
OO,Rest,BeFe,31.76347000000001,57.38978800000001,0.0019694501059186464,1.0,0.0005893379692438749,0.0,0.10627937070446385,"[6.07153099e-03 6.07009096e-03 6.06577482e-03 ... 3.57069303e-06
 3.57105056e-06 3.57116975e-06]"
RO,Rest,BeFe,-77.025246,108.78871600000001,0.0005463816984985215,0.0,0.0007253848576491695,0.0,0.13081364210830043,"[3.92017064e-03 3.91936429e-03 3.91694653e-03 ... 8.18995831e-07
 8.18515488e-07 8.18355405e-07]"
RO,Rest,BeFe,-72.199371,103.96284100000001,0.0007799416282381344,1.0,0.0014482245872651234,0.0,0.2611683037676074,[0.0053618  0.005361   0.00535858 ... 0.00026335 0.00026335 0.00026334]
OO,Rest,BeFe,-71.624992,103.38846200000002,0.00034421532115747056,0.0,0.00038027093910053544,0.0,0.06857687475431644,[0.00037282 0.00037287 0.00037302 ... 0.00021437 0.00021437 0.00021437]
OO,Rest,BeFe,-68.016502,99.77997200000001,7.071551955561972e-05,0.0,0.0006599150547836885,0.0,0.1190070221180495,"[3.87243152e-06 3.89496634e-06 3.96248115e-06 ... 5.96151249e-04
 5.96155712e-04 5.96157199e-04]"
FO,Rest,BeFe,-65.92417900000001,97.68764900000002,0.0001651466503460597,0.0,0.0005971708153493793,0.0,0.10769192173352105,[0.00118108 0.00118116 0.00118142 ... 0.00015974 0.00015974 0.00015974]
RO,Rest,BeFe,-51.74660899999999,83.510079,0.00039564084127174937,0.0,0.0004915404719203487,0.0,0.08864287515446347,"[6.37321314e-05 6.37325026e-05 6.37335959e-05 ... 7.86325556e-05
 7.86368749e-05 7.86383147e-05]"
OO,Rest,BeFe,-26.060168999999995,57.823639,0.0005956865794516375,0.0,0.001059401863397591,0.0,0.19104922682902895,[0.00347294 0.00347282 0.00347245 ... 0.00029767 0.00029766 0.00029765]
OO,Rest,BeFe,-25.626318,57.38978800000001,0.0019694501059186464,1.0,0.0005302097374286774,0.0,0.09561636985242403,[0.00196016 0.00196002 0.0019596  ... 0.00032452 0.00032451 0.00032451]
RR,Face,BeFe,-72.199371,4.825874999999996,0.02022125977748157,1.0,0.0016388756712524266,0.0,0.29554972544368086,[0.0219072  0.02189808 0.02187077 ... 0.00027305 0.00027302 0.00027302]
OR,Face,BeFe,-71.624992,5.40025399999999,0.011647583132239347,1.0,0.0003233505468407394,0.0,0.05831202879948365,"[1.16750185e-03 1.16740906e-03 1.16713098e-03 ... 7.61841748e-05
 7.61843495e-05 7.61844077e-05]"
OR,Face,BeFe,-68.016502,9.008743999999993,0.0036046483085039327,1.0,0.0006332758535190219,0.0,0.11420299167332731,[0.00825935 0.00825518 0.00824269 ... 0.00022665 0.00022665 0.00022665]
FR,Face,BeFe,-65.92417900000001,11.101066999999986,0.001706934001113325,1.0,0.0007800114395959401,0.0,0.1406648294677155,"[1.06367342e-02 1.06288809e-02 1.06053816e-02 ... 1.73424572e-07
 1.63762458e-07 1.60541791e-07]"
RR,Face,BeFe,-51.74660899999999,25.278637000000003,0.004167362196795921,1.0,0.0008124840624090801,0.0,0.14652084095486237,[0.00783142 0.00782363 0.00780035 ... 0.00089661 0.00089661 0.00089661]
OR,Face,BeFe,-26.060168999999995,50.965077,0.004509140269360223,1.0,0.0014918130636201177,0.0,0.26902891360226444,[0.01606998 0.01606531 0.01605134 ... 0.00018605 0.00018603 0.00018603]
OR,Face,BeFe,-25.626318,51.398928,0.0009341711639638817,1.0,0.0005500424980688923,0.0,0.09919294803027101,"[1.85823384e-03 1.85794346e-03 1.85707273e-03 ... 8.48534929e-06
 8.47225123e-06 8.46788532e-06]"
OR,Face,BeFe,31.76347000000001,108.78871600000001,2.39715040537547e-05,0.0,0.0003300800679189031,0.0,0.059525609635361715,"[1.65157004e-04 1.65101393e-04 1.64934729e-04 ... 3.31622807e-05
 3.31610034e-05 3.31605777e-05]"
RR,Face,BeFe,-77.025246,4.825874999999996,0.02022125977748157,1.0,0.003134909688544907,1.0,0.5653398326623127,[0.03101403 0.03100082 0.03096129 ... 0.00019819 0.00019817 0.00019817]
OR,Face,BeFe,-71.624992,0.5743789999999933,0.01627926285937331,1.0,0.0019868052727753938,0.0,0.3582942642806381,"[2.30891028e-02 2.30814588e-02 2.30585510e-02 ... 2.54031231e-05
 2.53682032e-05 2.53565634e-05]"
OR,Face,BeFe,-68.016502,4.182868999999997,0.008989634609387842,1.0,0.0012967998402220182,0.0,0.2338608373142382,"[1.65079132e-02 1.65000348e-02 1.64764424e-02 ... 4.98789161e-06
 4.98177744e-06 4.97973942e-06]"
FR,Face,BeFe,-65.92417900000001,6.27519199999999,5.448331207524859e-06,0.0,0.0006240622556503705,0.0,0.11254144017909626,"[2.51789472e-05 2.53668362e-05 2.59293104e-05 ... 9.04961729e-05
 9.04927631e-05 9.04916264e-05]"
RR,Face,BeFe,-51.74660899999999,20.452762000000007,0.0019480796211750473,1.0,0.0003320545993514834,0.0,0.05988169047359459,[0.0005708  0.00057035 0.000569   ... 0.00017832 0.00017832 0.00017832]
OR,Face,BeFe,-26.060168999999995,46.139202000000004,0.00015604152691572892,0.0,0.00013531956179013704,0.0,0.024403107591237296,"[1.02435337e-04 1.02430647e-04 1.02416590e-04 ... 3.76943167e-05
 3.76925315e-05 3.76919365e-05]"
OR,Face,BeFe,-25.626318,46.573053,7.10349477168748e-05,0.0,0.0007305641435710886,0.0,0.13174765837266278,[0.00077415 0.00077424 0.00077452 ... 0.000166   0.00016599 0.00016598]
OR,Face,BeFe,31.76347000000001,103.96284100000001,4.387851210463367e-05,0.0,0.0003723689009715869,0.0,0.06715184585162275,[0.00149699 0.00149651 0.00149508 ... 0.00023593 0.00023592 0.00023591]
RO,Face,BeFe,-77.025246,5.40025399999999,0.011647583132239347,1.0,0.0026717434927654438,1.0,0.48181388594250796,"[1.59191224e-02 1.59165026e-02 1.59086574e-02 ... 2.71856024e-06
 2.71825944e-06 2.71815926e-06]"
RO,Face,BeFe,-72.199371,0.5743789999999933,0.01627926285937331,1.0,0.0025598623547486987,1.0,0.4616375905692865,"[3.68861079e-02 3.68721659e-02 3.68303969e-02 ... 4.56086660e-05
 4.56077883e-05 4.56074958e-05]"
OO,Face,BeFe,-68.016502,3.6084900000000033,0.023372425310316025,1.0,0.0012541472755061012,0.0,0.22616900686463207,"[2.24224638e-02 2.24111423e-02 2.23772393e-02 ... 8.66550171e-07
 8.62235927e-07 8.60797859e-07]"
FO,Face,BeFe,-65.92417900000001,5.700812999999997,0.0028766096892072213,1.0,0.001816311851871255,0.0,0.32754801267531364,[0.01904991 0.01903713 0.01899887 ... 0.00124673 0.00124675 0.00124675]
RO,Face,BeFe,-51.74660899999999,19.878383000000014,0.0002310709261150734,0.0,0.0006662849978549268,0.0,0.12015575777800205,"[4.47310793e-03 4.46940734e-03 4.45834906e-03 ... 4.31178883e-07
 4.23938886e-07 4.21525605e-07]"
OO,Face,BeFe,-26.060168999999995,45.56482300000001,0.006920077240639699,1.0,0.0010244120078406471,0.0,0.18473926544235095,"[1.13025393e-02 1.12999621e-02 1.12922372e-02 ... 2.68583909e-05
 2.68592825e-05 2.68595797e-05]"
OO,Face,BeFe,-25.626318,45.99867400000001,0.0038120628499687115,1.0,0.001777697630651387,0.0,0.320584444492602,[0.00959529 0.00959327 0.00958722 ... 0.00011671 0.00011669 0.00011668]
OO,Face,BeFe,31.76347000000001,103.38846200000002,0.0005730231696041699,0.0,0.0004877106374481244,0.0,0.08795221475440053,"[3.07023352e-03 3.06956977e-03 3.06758051e-03 ... 6.69207223e-05
 6.69142050e-05 6.69120326e-05]"
RO,Face,BeFe,-77.025246,9.008743999999993,0.0036046483085039327,1.0,0.0005196112578420564,0.0,0.0937050731098514,[0.00144142 0.00144129 0.00144092 ... 0.00010285 0.00010284 0.00010284]
RO,Face,BeFe,-72.199371,4.182868999999997,0.008989634609387842,1.0,0.0017748304146378846,0.0,0.32006737970212235,"[2.03606848e-02 2.03539974e-02 2.03339624e-02 ... 8.69957527e-05
 8.69875954e-05 8.69848764e-05]"
OO,Face,BeFe,-71.624992,3.6084900000000033,0.023372425310316025,1.0,0.0031356243134519346,1.0,0.5654687058884958,[0.03678138 0.03677134 0.03674124 ... 0.00069315 0.00069314 0.00069314]
FO,Face,BeFe,-65.92417900000001,2.0923229999999933,0.0019172901107262774,1.0,0.001038708579473413,0.0,0.18731746456688908,"[1.89050195e-03 1.89029384e-03 1.88967123e-03 ... 1.95149627e-05
 1.94989802e-05 1.94936528e-05]"
RO,Face,BeFe,-51.74660899999999,16.26989300000001,4.876014991417321e-05,0.0,0.00046010828318721053,0.0,0.08297449230326542,[0.0046192  0.00461461 0.00460087 ... 0.00037937 0.00037937 0.00037937]
OO,Face,BeFe,-26.060168999999995,41.95633300000001,5.9882755155449274e-05,0.0,0.0006302308470327311,0.0,0.1136538647036715,"[1.96876188e-03 1.96838858e-03 1.96726963e-03 ... 6.29027684e-06
 6.28911764e-06 6.28873126e-06]"
OO,Face,BeFe,-25.626318,42.390184000000005,0.00012807809608439413,0.0,0.0004051037029377813,0.0,0.0730551379092616,"[2.31152063e-05 2.31294616e-05 2.31721968e-05 ... 2.90203465e-05
 2.90152883e-05 2.90136023e-05]"
OO,Face,BeFe,31.76347000000001,99.77997200000001,0.004491691517515939,1.0,0.0019031007939218636,0.0,0.3431992597128652,[0.01055503 0.01055275 0.01054593 ... 0.0018554  0.00185541 0.00185541]
RF,Face,BeFe,-77.025246,11.101066999999986,0.001706934001113325,1.0,0.000806962787630372,0.0,0.14552515148703393,"[6.01124988e-03 6.00860184e-03 6.00067311e-03 ... 1.82571358e-05
 1.82467727e-05 1.82433184e-05]"
RF,Face,BeFe,-72.199371,6.27519199999999,5.448331207524859e-06,0.0,0.0008352424627258159,0.0,0.15062501986430243,[0.00012712 0.00012737 0.00012812 ... 0.00069024 0.00069022 0.00069021]
OF,Face,BeFe,-71.624992,5.700812999999997,0.0028766096892072213,1.0,0.0007605558629608655,0.0,0.13715627147658335,"[9.49834343e-03 9.49569319e-03 9.48775061e-03 ... 4.06248563e-05
 4.06244329e-05 4.06242917e-05]"
OF,Face,BeFe,-68.016502,2.0923229999999933,0.0019172901107262774,1.0,0.0006166488356642574,0.0,0.11120452714784719,"[8.90390861e-04 8.90486541e-04 8.90772883e-04 ... 8.53043424e-06
 8.52866744e-06 8.52807857e-06]"
RF,Face,BeFe,-51.74660899999999,14.177570000000017,0.004241540784799547,1.0,0.0012306803528443488,0.0,0.2219370552460027,[0.00875971 0.00875217 0.00872964 ... 0.00043317 0.00043319 0.00043319]
OF,Face,BeFe,-26.060168999999995,39.864010000000015,0.00026564769156500745,0.0,0.0015400397827960433,0.0,0.27772596967644597,[0.00614834 0.00614788 0.00614647 ... 0.00015993 0.00015994 0.00015994]
OF,Face,BeFe,-25.626318,40.29786100000001,0.00014772775665417015,0.0,0.00011317093846141546,0.0,0.020408893961379265,"[5.31066815e-05 5.31056822e-05 5.31026820e-05 ... 1.09999222e-04
 1.09998486e-04 1.09998241e-04]"
OF,Face,BeFe,31.76347000000001,97.68764900000002,0.0014339411264421287,1.0,0.001268099937758782,0.0,0.22868518644452474,"[4.39950672e-05 4.41937664e-05 4.47894142e-05 ... 3.46522776e-04
 3.46522092e-04 3.46521864e-04]"
RR,Face,BeFe,-77.025246,25.278637000000003,0.004167362196795921,1.0,0.0010629051248938204,0.0,0.19168099407747236,[0.01202212 0.01201552 0.01199573 ... 0.00073789 0.00073789 0.00073788]
RR,Face,BeFe,-72.199371,20.452762000000007,0.0019480796211750473,1.0,0.0009452365637019344,0.0,0.17046101286496318,[0.00201629 0.00201656 0.00201735 ... 0.00099088 0.00099089 0.00099089]
OR,Face,BeFe,-71.624992,19.878383000000014,0.0002310709261150734,0.0,0.0011685255972904152,0.0,0.21072826054533697,[0.00073768 0.00073806 0.00073918 ... 0.00010864 0.00010863 0.00010863]
OR,Face,BeFe,-68.016502,16.26989300000001,4.876014991417321e-05,0.0,0.0002994669212290635,0.0,0.054004930270931964,[0.00214715 0.00214607 0.00214285 ... 0.00014067 0.00014067 0.00014067]
FR,Face,BeFe,-65.92417900000001,14.177570000000017,0.004241540784799547,1.0,0.0014400916202503833,0.0,0.2597016298701225,"[2.07724946e-02 2.07587226e-02 2.07175130e-02 ... 1.09473603e-05
 1.09459420e-05 1.09454693e-05]"
OR,Face,BeFe,-26.060168999999995,25.686439999999997,1.0171532459857247e-05,0.0,0.000702877632069665,0.0,0.1267547592673354,[0.00079678 0.00079683 0.000797   ... 0.00014968 0.00014967 0.00014967]
OR,Face,BeFe,-25.626318,26.12029099999999,3.331066986955733e-05,0.0,0.0008173490027656438,0.0,0.14739816912069173,[0.00200427 0.00200408 0.00200349 ... 0.00081891 0.0008189  0.0008189 ]
OR,Face,BeFe,31.76347000000001,83.510079,0.04241411077722379,1.0,0.003452816624208044,1.0,0.6226701776054895,[0.04139835 0.04138392 0.04134068 ... 0.0001284  0.00012834 0.00012833]
RO,Face,BeFe,-77.025246,50.965077,0.004509140269360223,1.0,0.0009671731158298336,0.0,0.17441698223610347,[0.00893757 0.00893293 0.00891906 ... 0.00025938 0.00025938 0.00025938]
RO,Face,BeFe,-72.199371,46.139202000000004,0.00015604152691572892,0.0,0.00029332051443176077,0.0,0.05289650644521261,"[6.80515768e-04 6.80499251e-04 6.80449709e-04 ... 2.26855512e-05
 2.26872182e-05 2.26877739e-05]"
OO,Face,BeFe,-71.624992,45.56482300000001,0.006920077240639699,1.0,0.001087076292866529,0.0,0.19603994709831246,"[1.14357455e-02 1.14318041e-02 1.14199926e-02 ... 8.59889715e-06
 8.58730410e-06 8.58343979e-06]"
OO,Face,BeFe,-68.016502,41.95633300000001,5.9882755155449274e-05,0.0,0.0009696746961513902,0.0,0.17486810942664038,[0.00014076 0.00014193 0.00014542 ... 0.00032489 0.00032488 0.00032488]
FO,Face,BeFe,-65.92417900000001,39.864010000000015,0.00026564769156500745,0.0,0.0009999079288791624,0.0,0.18032027629244024,"[9.78135105e-05 9.77798500e-05 9.76790715e-05 ... 8.60127720e-06
 8.59883442e-06 8.59802023e-06]"
RO,Face,BeFe,-51.74660899999999,25.686439999999997,1.0171532459857247e-05,0.0,0.0004016768255490355,0.0,0.07243714553245184,[0.00119072 0.00118978 0.00118695 ... 0.00050736 0.00050736 0.00050736]
OO,Face,BeFe,-25.626318,0.43385099999999355,0.00011887152034972814,0.0,0.000906687208541479,0.0,0.16350914242503115,[0.00261432 0.00261402 0.00261312 ... 0.00022436 0.00022435 0.00022434]
OO,Face,BeFe,31.76347000000001,57.823639,7.040480057440845e-05,0.0,0.0004090471751310165,0.0,0.07376629138139461,"[2.05119241e-06 2.08558392e-06 2.18868289e-06 ... 1.14159442e-05
 1.14167574e-05 1.14170285e-05]"
RO,Face,BeFe,-77.025246,51.398928,0.0009341711639638817,1.0,0.0005088687322432062,0.0,0.09176779955884092,[0.00664193 0.00663815 0.00662685 ... 0.00014602 0.00014602 0.00014602]
RO,Face,BeFe,-72.199371,46.573053,7.10349477168748e-05,0.0,0.0005994247950920073,0.0,0.10809839740814024,"[3.18016980e-05 3.19093083e-05 3.22316546e-05 ... 1.30655753e-04
 1.30655040e-04 1.30654802e-04]"
OO,Face,BeFe,-71.624992,45.99867400000001,0.0038120628499687115,1.0,0.0007693366400305379,0.0,0.1387397694182793,"[6.05326043e-03 6.05188515e-03 6.04776354e-03 ... 1.17430603e-05
 1.17426330e-05 1.17424906e-05]"
OO,Face,BeFe,-68.016502,42.390184000000005,0.00012807809608439413,0.0,0.00028547093548159097,0.0,0.05148093786715306,"[3.19431323e-04 3.19646440e-04 3.20290653e-04 ... 2.58312800e-06
 2.58305056e-06 2.58302475e-06]"
FO,Face,BeFe,-65.92417900000001,40.29786100000001,0.00014772775665417015,0.0,0.00010456330642538703,0.0,0.018856620454857368,"[1.45577049e-04 1.45520579e-04 1.45351604e-04 ... 8.44862051e-05
 8.44844024e-05 8.44838016e-05]"
RO,Face,BeFe,-51.74660899999999,26.12029099999999,3.331066986955733e-05,0.0,0.0005877677211487686,0.0,0.10599619706199195,[0.0024417  0.00243915 0.00243151 ... 0.00010546 0.00010546 0.00010546]
OO,Face,BeFe,-26.060168999999995,0.43385099999999355,0.00011887152034972814,0.0,0.0006716219153384273,0.0,0.12111820082638704,[0.00109421 0.00109398 0.0010933  ... 0.0002278  0.00022778 0.00022777]
OO,Face,BeFe,31.76347000000001,57.38978800000001,1.035222785539247e-05,0.0,0.00019433333270080233,0.0,0.03504546692085907,"[4.75734657e-06 4.89535544e-06 5.30895252e-06 ... 3.55538675e-05
 3.55503659e-05 3.55491987e-05]"
RO,Face,BeFe,-77.025246,108.78871600000001,2.39715040537547e-05,0.0,0.0004988372211318648,0.0,0.08995874814222157,"[7.33677237e-06 7.56910647e-06 8.26476930e-06 ... 7.14358624e-05
 7.14298686e-05 7.14278707e-05]"
RO,Face,BeFe,-72.199371,103.96284100000001,4.387851210463367e-05,0.0,0.0003086470108961681,0.0,0.05566043900063794,"[9.10681672e-04 9.10327194e-04 9.09265197e-04 ... 9.32860885e-05
 9.32781722e-05 9.32755335e-05]"
OO,Face,BeFe,-71.624992,103.38846200000002,0.0005730231696041699,0.0,0.0006984366505859985,0.0,0.1259538865219397,[0.0028486  0.00284794 0.00284596 ... 0.00097865 0.00097865 0.00097865]
OO,Face,BeFe,-68.016502,99.77997200000001,0.004491691517515939,1.0,0.0006403088160020776,0.0,0.11547129418546012,"[5.83144087e-03 5.82878022e-03 5.82081257e-03 ... 2.75465714e-05
 2.75444903e-05 2.75437966e-05]"
FO,Face,BeFe,-65.92417900000001,97.68764900000002,0.0014339411264421287,1.0,0.0012565967759616825,0.0,0.2266107421346224,"[5.27816851e-05 5.28095852e-05 5.28931426e-05 ... 1.02975991e-05
 1.02561006e-05 1.02422681e-05]"
RO,Face,BeFe,-51.74660899999999,83.510079,0.04241411077722379,1.0,0.004692457320668586,1.0,0.8462231132639602,[0.09594437 0.09584572 0.09555097 ... 0.00081026 0.00081027 0.00081027]
OO,Face,BeFe,-26.060168999999995,57.823639,7.040480057440845e-05,0.0,0.001305875698268233,0.0,0.23549754923862398,"[6.00866679e-03 6.00780776e-03 6.00523288e-03 ... 2.75882895e-05
 2.75786978e-05 2.75755006e-05]"
OO,Face,BeFe,-25.626318,57.38978800000001,1.035222785539247e-05,0.0,0.0017632534070932682,0.0,0.3179796182805033,[0.00172949 0.0017298  0.00173072 ... 0.00016764 0.00016762 0.00016761]
RR,Place,BeFe,-72.199371,4.825874999999996,0.01299502128791552,1.0,0.0008974866467079679,0.0,0.1618499418087063,"[7.45682940e-04 7.46071457e-04 7.47234685e-04 ... 8.46354294e-06
 8.46155018e-06 8.46088598e-06]"
OR,Place,BeFe,-71.624992,5.40025399999999,0.012044070956336306,1.0,0.0006436386211117195,0.0,0.11607178085031103,"[7.58092150e-04 7.58657070e-04 7.60349736e-04 ... 4.33186239e-05
 4.33188539e-05 4.33189306e-05]"
OR,Place,BeFe,-68.016502,9.008743999999993,0.003162502807071199,1.0,0.0013159623971839007,0.0,0.23731655305169574,"[6.34960800e-03 6.34740465e-03 6.34080729e-03 ... 7.50902802e-05
 7.50704013e-05 7.50637751e-05]"
FR,Place,BeFe,-65.92417900000001,11.101066999999986,0.00011056050455504618,0.0,0.0005969471103217661,0.0,0.1076515794667761,"[1.32700105e-04 1.32823242e-04 1.33191735e-04 ... 4.53871732e-05
 4.53860059e-05 4.53856167e-05]"
RR,Place,BeFe,-51.74660899999999,25.278637000000003,0.0030024477227144075,1.0,0.0007533892579050239,0.0,0.13586386827982427,"[5.11226833e-03 5.11093246e-03 5.10693012e-03 ... 8.48250941e-06
 8.48200394e-06 8.48183544e-06]"
OR,Place,BeFe,-26.060168999999995,50.965077,0.0026312586658141512,1.0,0.0005392780915360884,0.0,0.0972517285398974,"[5.96197098e-03 5.96086014e-03 5.95752960e-03 ... 1.16854940e-05
 1.16819854e-05 1.16808159e-05]"
OR,Place,BeFe,-25.626318,51.398928,6.503696481896526e-05,0.0,0.00027320145251263916,0.0,0.04926829758795577,"[2.21134512e-05 2.21354244e-05 2.22013262e-05 ... 3.47075120e-07
 3.37419156e-07 3.34200587e-07]"
OR,Place,BeFe,31.76347000000001,108.78871600000001,0.00030768973380013165,0.0,0.0003704484705466804,0.0,0.06680552142032463,"[4.26949135e-04 4.26757090e-04 4.26181738e-04 ... 1.17994605e-05
 1.17882546e-05 1.17845194e-05]"
RR,Place,BeFe,-77.025246,4.825874999999996,0.01299502128791552,1.0,0.0038993694860089967,1.0,0.7032001275073657,[0.00082826 0.00084368 0.0008898  ... 0.00072685 0.00072687 0.00072688]
OR,Place,BeFe,-71.624992,0.5743789999999933,0.03740081769781867,1.0,0.0016578550221628685,0.0,0.2989724023734041,[0.01774263 0.01773791 0.01772379 ... 0.00015339 0.0001534  0.0001534 ]
OR,Place,BeFe,-68.016502,4.182868999999997,0.02644789099249234,1.0,0.0018404439021575403,0.0,0.331899911334627,"[3.30245100e-02 3.30065203e-02 3.29526576e-02 ... 3.41444942e-05
 3.41316810e-05 3.41274099e-05]"
FR,Place,BeFe,-65.92417900000001,6.27519199999999,0.008712959054546054,1.0,0.000600693606117364,0.0,0.10832721082990367,[0.00885471 0.00884841 0.00882955 ... 0.00027041 0.00027041 0.00027041]
RR,Place,BeFe,-51.74660899999999,20.452762000000007,0.004392011307568389,1.0,0.0008019510578389788,0.0,0.1446213517724941,"[1.23077236e-02 1.23033023e-02 1.22900559e-02 ... 2.33135216e-05
 2.33127557e-05 2.33125004e-05]"
OR,Place,BeFe,-26.060168999999995,46.139202000000004,0.000521410490772034,0.0,0.0009303511707334788,0.0,0.1677766275378039,[0.00934349 0.00934182 0.00933681 ... 0.00044737 0.00044737 0.00044737]
OR,Place,BeFe,-25.626318,46.573053,0.0020484639800386617,1.0,0.00040872336856878633,0.0,0.0737078971162025,[0.00071657 0.00071657 0.00071657 ... 0.00025035 0.00025034 0.00025034]
OR,Place,BeFe,31.76347000000001,103.96284100000001,0.00021196222166341983,0.0,0.000328586027707356,0.0,0.05925617908485075,"[2.05365156e-04 2.05422874e-04 2.05595857e-04 ... 2.23388639e-06
 2.23325792e-06 2.23304842e-06]"
RO,Place,BeFe,-77.025246,5.40025399999999,0.012044070956336306,1.0,0.002552088996558677,1.0,0.46023576740531175,[0.02019848 0.0201906  0.02016703 ... 0.00020915 0.00020916 0.00020916]
RO,Place,BeFe,-72.199371,0.5743789999999933,0.03740081769781867,1.0,0.0044726434225283995,1.0,0.8065825606682953,[0.0687056  0.06867094 0.06856716 ... 0.00023784 0.00023783 0.00023783]
OO,Place,BeFe,-68.016502,3.6084900000000033,0.02014233328120074,1.0,0.0017270127913031619,0.0,0.31144409869560974,"[3.17881198e-02 3.17710771e-02 3.17200498e-02 ... 2.00866170e-05
 2.00822607e-05 2.00808086e-05]"
FO,Place,BeFe,-65.92417900000001,5.700812999999997,3.351236195214824e-07,0.0,0.0004107695764292707,0.0,0.0740769038578211,"[3.13922652e-05 3.14843105e-05 3.17598096e-05 ... 2.14730336e-04
 2.14727961e-04 2.14727170e-04]"
RO,Place,BeFe,-51.74660899999999,19.878383000000014,0.006083966191707368,1.0,0.000751030667628827,0.0,0.1354385274679545,"[3.15204602e-03 3.15059578e-03 3.14625093e-03 ... 5.91357732e-05
 5.91250283e-05 5.91214467e-05]"
OO,Place,BeFe,-26.060168999999995,45.56482300000001,0.00021512386402111616,0.0,0.0007088941284301153,0.0,0.12783975545017892,"[1.04507811e-03 1.04473229e-03 1.04369558e-03 ... 4.73977956e-06
 4.71204384e-06 4.70279882e-06]"
OO,Place,BeFe,-25.626318,45.99867400000001,0.0007753035958364407,1.0,0.0008537914392017232,0.0,0.15397008441122212,"[3.35063352e-04 3.35011359e-04 3.34855464e-04 ... 7.07403221e-05
 7.07250210e-05 7.07199208e-05]"
OO,Place,BeFe,31.76347000000001,103.38846200000002,4.617224003222731e-05,0.0,0.00045944276251641547,0.0,0.08285447438184479,[0.00170209 0.00170158 0.00170006 ... 0.00012466 0.00012466 0.00012466]
RO,Place,BeFe,-77.025246,9.008743999999993,0.003162502807071199,1.0,0.0009590582237193335,0.0,0.17295356791045755,"[1.35680283e-02 1.35582662e-02 1.35290642e-02 ... 1.38762133e-06
 1.38684249e-06 1.38658290e-06]"
RO,Place,BeFe,-72.199371,4.182868999999997,0.02644789099249234,1.0,0.001911099787740067,0.0,0.34464177330206813,"[2.81384414e-02 2.81239788e-02 2.80806741e-02 ... 1.99859762e-05
 1.99825663e-05 1.99814296e-05]"
OO,Place,BeFe,-71.624992,3.6084900000000033,0.02014233328120074,1.0,0.00207499707248604,0.0,0.3741984982918409,[0.01837176 0.01836585 0.01834814 ... 0.00062417 0.00062414 0.00062413]
FO,Place,BeFe,-65.92417900000001,2.0923229999999933,0.0003411947667935067,0.0,0.0005358928652388073,0.0,0.0966412473909756,"[2.59042854e-03 2.58824363e-03 2.58170743e-03 ... 2.06239554e-05
 2.06233365e-05 2.06231302e-05]"
RO,Place,BeFe,-51.74660899999999,16.26989300000001,0.010494140984929068,1.0,0.0012977361988042446,0.0,0.2340296972996222,"[8.87075987e-03 8.86824624e-03 8.86071514e-03 ... 9.33360780e-07
 9.32446321e-07 9.32141559e-07]"
OO,Place,BeFe,-26.060168999999995,41.95633300000001,0.00646621465143582,1.0,0.0022494823246026474,0.0,0.4056646242839521,[0.00353603 0.00353602 0.00353597 ... 0.00132712 0.00132709 0.00132709]
OO,Place,BeFe,-25.626318,42.390184000000005,0.0013160535429106446,1.0,0.0011826474537062204,0.0,0.2132749520727405,[0.00527568 0.00527534 0.00527431 ... 0.00073789 0.00073788 0.00073788]
OO,Place,BeFe,31.76347000000001,99.77997200000001,0.004343004272450379,1.0,0.0012928419707485261,0.0,0.23314708748150162,[0.0121524  0.01214767 0.01213348 ... 0.0007238  0.00072379 0.00072378]
RF,Place,BeFe,-77.025246,11.101066999999986,0.00011056050455504618,0.0,0.0003833511635249476,0.0,0.06913235281705699,[0.00082404 0.00082347 0.00082175 ... 0.00039787 0.00039786 0.00039785]
RF,Place,BeFe,-72.199371,6.27519199999999,0.008712959054546054,1.0,0.00215477676266973,0.0,0.3885857187157993,[0.02085145 0.02084013 0.02080622 ... 0.00027823 0.00027823 0.00027823]
OF,Place,BeFe,-71.624992,5.700812999999997,3.351236195214824e-07,0.0,0.0009251878754170662,0.0,0.16684549496934967,[0.00012123 0.0001214  0.0001219  ... 0.00014912 0.00014912 0.00014912]
OF,Place,BeFe,-68.016502,2.0923229999999933,0.0003411947667935067,0.0,0.0004267662728312249,0.0,0.07696169817903432,[0.00025242 0.00025238 0.00025228 ... 0.00031577 0.00031576 0.00031576]
RF,Place,BeFe,-51.74660899999999,14.177570000000017,0.0061816909705862955,1.0,0.001457803587896267,0.0,0.2628957508560103,"[2.02164757e-02 2.02085840e-02 2.01849405e-02 ... 6.67502538e-05
 6.67410329e-05 6.67379592e-05]"
OF,Place,BeFe,-26.060168999999995,39.864010000000015,9.917252995528258e-05,0.0,0.0007093694959898755,0.0,0.1279254817528121,[0.00239775 0.00239748 0.00239666 ... 0.0002479  0.00024789 0.00024788]
OF,Place,BeFe,-25.626318,40.29786100000001,0.0004403864683508729,0.0,0.0007383964567777568,0.0,0.13316011330040645,"[2.56077375e-03 2.56082888e-03 2.56099413e-03 ... 6.53890235e-05
 6.53852664e-05 6.53840141e-05]"
OF,Place,BeFe,31.76347000000001,97.68764900000002,0.00019646006787699122,0.0,0.000609311731587292,0.0,0.10988137668955666,[0.00126315 0.00126293 0.00126229 ... 0.00026162 0.00026161 0.00026161]
RR,Place,BeFe,-77.025246,25.278637000000003,0.0030024477227144075,1.0,0.00141029310163443,0.0,0.2543278579909884,[0.02717416 0.02715376 0.02709273 ... 0.00022942 0.00022941 0.00022941]
RR,Place,BeFe,-72.199371,20.452762000000007,0.004392011307568389,1.0,0.0006100414098400009,0.0,0.11001296458913512,"[4.38350164e-03 4.38092822e-03 4.37322274e-03 ... 1.25543300e-05
 1.25353200e-05 1.25289835e-05]"
OR,Place,BeFe,-71.624992,19.878383000000014,0.006083966191707368,1.0,0.000624849680584294,0.0,0.11268344193500172,[0.00213966 0.0021398  0.0021402  ... 0.00023618 0.00023618 0.00023618]
OR,Place,BeFe,-68.016502,16.26989300000001,0.010494140984929068,1.0,0.0013655205063736187,0.0,0.2462537078471757,"[1.50945321e-02 1.50857728e-02 1.50595465e-02 ... 6.58152627e-05
 6.57921744e-05 6.57844784e-05]"
FR,Place,BeFe,-65.92417900000001,14.177570000000017,0.0061816909705862955,1.0,0.0009572491288005747,0.0,0.1726273213769837,[0.00970484 0.00969779 0.00967669 ... 0.00068685 0.00068684 0.00068683]
OR,Place,BeFe,-26.060168999999995,25.686439999999997,0.00012026018893696033,0.0,0.0008514481496157966,0.0,0.15354750287809923,"[7.37256586e-03 7.37116447e-03 7.36696285e-03 ... 9.85030321e-05
 9.85021052e-05 9.85017962e-05]"
OR,Place,BeFe,-25.626318,26.12029099999999,0.0002768263143391181,0.0,0.0014508518512847957,0.0,0.2616420963641433,[0.00351471 0.00351469 0.00351464 ... 0.00142531 0.00142532 0.00142532]
OR,Place,BeFe,31.76347000000001,83.510079,0.027435306637328516,1.0,0.0024104169185075186,1.0,0.4346870668507067,[0.03299027 0.03297806 0.03294148 ... 0.00015697 0.00015697 0.00015697]
RO,Place,BeFe,-77.025246,50.965077,0.0026312586658141512,1.0,0.0002967459028768715,0.0,0.053514230310572564,"[2.91852263e-03 2.91675087e-03 2.91145075e-03 ... 3.39842146e-06
 3.39768836e-06 3.39744400e-06]"
RO,Place,BeFe,-72.199371,46.139202000000004,0.000521410490772034,0.0,0.00014886242815137507,0.0,0.026845385858584803,"[4.83498316e-05 4.83316906e-05 4.82773763e-05 ... 1.95748151e-05
 1.95706252e-05 1.95692286e-05]"
OO,Place,BeFe,-71.624992,45.56482300000001,0.00021512386402111616,0.0,0.0004472974436009469,0.0,0.08066422546067462,[0.00057518 0.00057498 0.00057439 ... 0.00050496 0.00050496 0.00050496]
OO,Place,BeFe,-68.016502,41.95633300000001,0.00646621465143582,1.0,0.0016293034084047253,0.0,0.29382349342612285,[0.01633764 0.01632986 0.01630657 ... 0.00089528 0.00089527 0.00089527]
FO,Place,BeFe,-65.92417900000001,39.864010000000015,9.917252995528258e-05,0.0,0.000778660074774784,0.0,0.1404211285519763,[0.00051296 0.00051267 0.0005118  ... 0.00164731 0.00164731 0.00164731]
RO,Place,BeFe,-51.74660899999999,25.686439999999997,0.00012026018893696033,0.0,0.0003475829285275456,0.0,0.06268202091054413,[0.00025763 0.00025757 0.0002574  ... 0.00010964 0.00010964 0.00010964]
OO,Place,BeFe,-25.626318,0.43385099999999355,6.336741632750886e-06,0.0,0.0003124492822266234,0.0,0.05634612874970821,"[1.37131464e-04 1.37191842e-04 1.37372916e-04 ... 1.22471186e-06
 1.21645262e-06 1.21369962e-06]"
OO,Place,BeFe,31.76347000000001,57.823639,0.0018703227476457585,1.0,0.0005346857631427504,0.0,0.0964235623649971,[0.00379142 0.00378992 0.00378544 ... 0.00055584 0.00055584 0.00055584]
RO,Place,BeFe,-77.025246,51.398928,6.503696481896526e-05,0.0,0.0008939590031993294,0.0,0.16121377758421418,"[1.38833464e-03 1.38748283e-03 1.38493505e-03 ... 1.50011929e-06
 1.46895287e-06 1.45856429e-06]"
RO,Place,BeFe,-72.199371,46.573053,0.0020484639800386617,1.0,0.001550650656195307,0.0,0.2796395014805233,[0.01339559 0.01338814 0.01336584 ... 0.00057777 0.00057773 0.00057772]
OO,Place,BeFe,-71.624992,45.99867400000001,0.0007753035958364407,1.0,0.00020194377033333488,0.0,0.03641790949979025,"[6.49073072e-04 6.49070655e-04 6.49063389e-04 ... 4.40803755e-05
 4.40784436e-05 4.40777996e-05]"
OO,Place,BeFe,-68.016502,42.390184000000005,0.0013160535429106446,1.0,0.0008930902203898583,0.0,0.16105710400286,[0.00798698 0.00798349 0.00797304 ... 0.00022383 0.00022382 0.00022382]
FO,Place,BeFe,-65.92417900000001,40.29786100000001,0.0004403864683508729,0.0,0.0002500628962918139,0.0,0.04509556254881638,"[1.34751909e-04 1.34655537e-04 1.34367247e-04 ... 2.94254868e-05
 2.94237440e-05 2.94231631e-05]"
RO,Place,BeFe,-51.74660899999999,26.12029099999999,0.0002768263143391181,0.0,0.00043899629168531185,0.0,0.07916722162288053,[0.00016571 0.00016578 0.00016598 ... 0.00011877 0.00011876 0.00011876]
OO,Place,BeFe,-26.060168999999995,0.43385099999999355,6.336741632750886e-06,0.0,0.0005705785932110796,0.0,0.10289636335787822,"[8.93706112e-05 8.96636938e-05 9.05424126e-05 ... 4.97082610e-05
 4.96975614e-05 4.96939949e-05]"
OO,Place,BeFe,31.76347000000001,57.38978800000001,0.004190008008928103,1.0,0.001050481882492793,0.0,0.18944062530200692,"[7.30582328e-03 7.30287415e-03 7.29403834e-03 ... 2.68320830e-05
 2.68142885e-05 2.68083571e-05]"
RO,Place,BeFe,-77.025246,108.78871600000001,0.00030768973380013165,0.0,0.0004730268923105463,0.0,0.08530419396794285,"[9.34836627e-03 9.34105821e-03 9.31919720e-03 ... 6.96190844e-05
 6.96165544e-05 6.96157110e-05]"
RO,Place,BeFe,-72.199371,103.96284100000001,0.00021196222166341983,0.0,0.0006954836658210617,0.0,0.12542135446241534,[0.00043924 0.00043914 0.00043882 ... 0.00011665 0.00011665 0.00011665]
OO,Place,BeFe,-71.624992,103.38846200000002,4.617224003222731e-05,0.0,0.0004010743057705213,0.0,0.07232848899538935,"[7.34887596e-06 7.38238618e-06 7.48288610e-06 ... 1.48981016e-05
 1.48967737e-05 1.48963311e-05]"
OO,Place,BeFe,-68.016502,99.77997200000001,0.004343004272450379,1.0,0.0007994279538596771,0.0,0.1441663430726709,[0.00763339 0.00762913 0.00761636 ... 0.00063214 0.00063213 0.00063213]
FO,Place,BeFe,-65.92417900000001,97.68764900000002,0.00019646006787699122,0.0,0.0007358839242455062,0.0,0.13270701102236268,[0.00513563 0.00513194 0.0051209  ... 0.00035243 0.00035242 0.00035242]
RO,Place,BeFe,-51.74660899999999,83.510079,0.027435306637328516,1.0,0.004176330141037354,1.0,0.753146347948712,"[6.68162644e-02 6.67918736e-02 6.67188003e-02 ... 4.59626819e-06
 4.59388947e-06 4.59309657e-06]"
OO,Place,BeFe,-26.060168999999995,57.823639,0.0018703227476457585,1.0,0.0006959067178087253,0.0,0.1254976463379954,[0.00383588 0.00383515 0.00383296 ... 0.00067631 0.0006763  0.0006763 ]
OO,Place,BeFe,-25.626318,57.38978800000001,0.004190008008928103,1.0,0.0010051987522414763,0.0,0.18127440687081894,"[6.88346702e-03 6.88261991e-03 6.88007915e-03 ... 2.62050636e-06
 2.59622096e-06 2.58812600e-06]"
